day,length_diff
1.015926,4
0.945093,4
1.04022,5
2.057558,7
1.929063,9
1.56548,5
2.031852,8
3.949213,8
1.031204,4
1.34587,5
1.188831,5
0.987465,3
2.813067,11
1.149282,2
0.93537,4
1.09581,2
3.794225,19
1.077037,4
2.546223,9
1.736678,11
3.29912,16
1.00691,3
2.005521,3
0.855532,2
2.998484,11
2.07838,8
5.860914,17
6.99566,15
0.7078823,1
